{"Model_Name": "model_v6.h5", "train_set_samples": 230, "test_set_samples": 57, "Epochs": 1, "Learning_Rate": 0.001, "Batch_size": 20, "accuracy": 0.5190476179122925, "loss": 1.3456428050994873, "val_accuracy": 0.7749999761581421, "val_loss": 0.49802327156066895}