{"Model_Name": "model_v5.h5", "train_set_samples": 229, "test_set_samples": 57, "Epochs": 1, "Learning_Rate": 0.001, "Batch_size": 20, "accuracy": 0.5693780183792114, "loss": 1.0623148679733276, "val_accuracy": 0.125, "val_loss": 1.9728147983551025}