{"Model_Name": "model_v9.h5", "train_set_samples": 226, "test_set_samples": 55, "Epochs": 1, "Learning_Rate": 0.1, "Batch_size": 12, "accuracy": 0.44392523169517517, "loss": 226.5854034423828, "val_accuracy": 0.2916666567325592, "val_loss": 218.73681640625}