{"Model_Name": "model_v1.h5", "train_set_samples": 226, "test_set_samples": 55, "Epochs": 1, "Learning_Rate": 0.001, "Batch_size": 20, "accuracy": 0.5145630836486816, "loss": 1.2009798288345337, "val_accuracy": 0.15000000596046448, "val_loss": 2.252305507659912}