{"Model_Name": "model_v0.h5", "train_set_samples": 226, "test_set_samples": 55, "Epochs": 1, "Learning_Rate": 0.01, "Batch_size": 15, "accuracy": 0.5545023679733276, "loss": 17.321758270263672, "val_accuracy": 0.24444444477558136, "val_loss": 7.045996189117432}