{"Model_Name": "model_v4.h5", "train_set_samples": 226, "test_set_samples": 55, "Epochs": 1, "Learning_Rate": 0.01, "Batch_size": 15, "accuracy": [0.44549763202667236], "loss": [22.332918167114258], "val_accuracy": [0.7555555701255798], "val_loss": [3.7616217136383057]}